{"mean": [17.439819072540747, 26.236338866295224, 227.567950460167, 6.074831545278783, 11.311240149833502, 1.774305288639769, 14.517958790340844, 28.38501318616726, 6.65859952413425, 12.2318206729891], "std": [31.40090022513107, 39.2925384277129, 211.31806015732377, 0.690956576725586, 4.4616188163078085, 1.1758962083057884, 3.3106963153226387, 3.445404044597861, 1.556877453683028, 0.7253014474704448], "feature_names": ["N", "P", "K", "Ph", "S", "Zn", "PRECTOTCORR-Su", "T2M_MAX-Sp", "T2M_MIN-W", "QV2M-Su"]}